local_id,year,month,home,change(home),office,change(office),industry,change(industry)
11,2020,1,1172543,6.8016249647043825,2881635,6.033332241711555,142846,4.224550548680831
11,2020,2,1164350,-0.6987377008774944,2735225,-5.080796145243933,137815,-3.521974714027694
11,2020,3,1096475,-5.82943273070812,2430766,-11.131040408010309,130202,-5.524072125675724
11,2020,4,1098846,0.21623840032832486,2193736,-9.751247137733538,118383,-9.077433526366722
11,2020,5,1037109,-5.618348704004019,2154002,-1.8112480261982298,104726,-11.536284770617403
11,2020,6,1110632,7.0892259155016495,2500400,16.08160066703745,119260,13.87812004659779
11,2020,7,1190186,7.162948663463685,2755448,10.200287953927372,128390,7.65554251215831
11,2020,8,1381160,16.04572730648823,2928406,6.276946616303411,128966,0.4486330711114573
11,2020,9,1429411,3.4935126994700103,2719212,-7.143613283130823,135722,5.238590015973203
11,2020,10,1054269,-26.24451609788927,2155341,-20.736558973702675,103801,-23.519399949897586
11,2020,11,1085618,2.973529526145604,2250356,4.408351161138771,114704,10.503752372327819
11,2020,12,1162100,7.045019518836276,2604402,15.732888485199675,131463,14.610650020923421
11,2021,1,1296892,11.599001807073401,2957878,13.572251902740055,145639,10.783262210660034
11,2021,2,1239042,-4.4606644192423115,2754851,-6.863940973900884,140151,-3.7682214242064282
11,2021,3,1064710,-14.06990239233214,2365228,-14.143160555688855,120812,-13.798688557341723
11,2021,4,1088228,2.2088643856073484,2236928,-5.424424199273812,124100,2.721583948614376
11,2021,5,1037349,-4.675398905376447,2174433,-2.7937868362325475,112979,-8.961321514907333
11,2021,6,1103096,6.337982684708811,2476431,13.888586127969912,122093,8.066985900034519
11,2021,7,1360522,23.336681485564267,2908669,17.454069990239987,137360,12.50440238179093
11,2021,8,1805751,32.7248658970601,3149879,8.292796464637261,148237,7.918608037274316
11,2021,9,1306689,-27.637365284582426,2704284,-14.146416417900499,134108,-9.531358567699023
11,2021,10,1106205,-15.342901026946734,2358219,-12.796917779345659,114189,-14.852954335311837
11,2021,11,1101162,-0.45588295117089506,2317422,-1.7299919981986407,118555,3.823485624709911
11,2021,12,1146475,4.115016682377344,2684746,15.850544268588113,132477,11.743072835392855
11,2022,1,1268167,10.614448636036547,3098081,15.395683614017862,151768,14.561772987009066
11,2022,2,1249190,-1.4964117501874752,2933022,-5.327781939852444,145161,-4.353355120974118
11,2022,3,1108591,-11.255213378269119,2573923,-12.243310824126107,130487,-10.108775773107102
11,2022,4,1096677,-1.0746975214483971,2368957,-7.963175277582119,121342,-7.008360986151878
11,2022,5,1042289,-4.959345367870394,2330403,-1.6274672777935606,111589,-8.0376126979941
11,2022,6,1084938,4.091859359544234,2603546,11.72084828246445,119384,6.985455555655127
11,2022,7,1401278,29.157426507321155,3094563,18.85954770916281,136249,14.12668364269919
11,2022,8,1660450,18.49540205441033,3272563,5.752023791404473,140582,3.180206827206071
11,2022,9,1321934,-20.387003523141317,2843930,-13.097776880078396,127321,-9.432928824458322
11,2022,10,1085740,-17.867306537240136,2412087,-15.184726768942976,110496,-13.214630736484947
11,2022,11,1079581,-0.5672628806159854,2345238,-2.7714174488731125,112280,1.6145380828265277
11,2022,12,1151263,6.639798218012359,2829389,20.644002868791993,126197,12.394905593159958
21,2020,1,409067,8.484541495833708,821868,9.938748128935256,601493,-2.799692316642373
21,2020,2,413059,0.9758792569432391,781141,-4.955418631702415,588016,-2.24059132857739
21,2020,3,386044,-6.540227909330144,675111,-13.573733807340801,608954,3.560787461565672
21,2020,4,393433,1.9140305250178735,638623,-5.404740850023181,575011,-5.5739842418310745
21,2020,5,364865,-7.261210930450673,620515,-2.8354757031926505,524718,-8.746441372425918
21,2020,6,370519,1.5496142408836144,688480,10.952998718806153,556015,5.964537141855244
21,2020,7,377832,1.9737179469878736,743489,7.989919823379038,580215,4.3524005647329655
21,2020,8,473638,25.356772322090244,843973,13.51519659335915,566173,-2.420137362874107
21,2020,9,511843,8.066286911100882,829863,-1.6718544313621408,602560,6.426834200853802
21,2020,10,364706,-28.746510160342137,640624,-22.80364349296209,549992,-8.724110462028678
21,2020,11,375466,2.950321628928507,649313,1.3563338245210919,599100,8.928857147013048
21,2020,12,397009,5.737669988760633,760474,17.11978660522737,620748,3.6134201301952933
21,2021,1,445066,12.104763368084855,780568,2.6422994080007993,636644,2.560781508760399
21,2021,2,429626,-3.4691483959682383,759512,-2.697522829529266,573195,-9.966166334717675
21,2021,3,370842,-13.682598352986087,678574,-10.656579487881693,607074,5.910553999947662
21,2021,4,385927,4.067770101552683,655968,-3.331397902071108,612444,0.8845709089830893
21,2021,5,362825,-5.986106180702568,624555,-4.78880067320357,584840,-4.507187595927138
21,2021,6,376662,3.8136842830565696,686828,9.970779194786688,613462,4.893988099309213
21,2021,7,420392,11.609878352475162,796379,15.95028158432679,644608,5.0770870893388675
21,2021,8,557261,32.557470170697826,874654,9.828862890658845,605302,-6.097659352660842
21,2021,9,464201,-16.69953576510827,782966,-10.48277375968097,595120,-1.6821355290417017
21,2021,10,385219,-17.014612204626875,706026,-9.826735771412807,589639,-0.9209907245597526
21,2021,11,383089,-0.552932228161124,691908,-1.999643072634719,599219,1.6247229236872052
21,2021,12,393771,2.788385988634495,757230,9.440850517698884,636218,6.174537189241329
21,2022,1,434004,10.217359836046839,841688,11.153546478612839,645226,1.415866888393601
21,2022,2,436000,0.4599035953585681,803817,-4.499410708005817,576829,-10.6004717726812
21,2022,3,384909,-11.718119266055046,741704,-7.7272563282438655,617985,7.134870126155238
21,2022,4,395933,2.864053581495886,694334,-6.386644807092856,604113,-2.244714677540717
21,2022,5,365442,-7.701050430249562,671896,-3.2315859514297154,594495,-1.5920862487647176
21,2022,6,374568,2.4972499055937742,743916,10.71892078535964,604517,1.685800553410878
21,2022,7,462714,23.53270968155315,858680,15.427010576462935,623586,3.154419147848613
21,2022,8,565657,22.247651897284285,925959,7.835165603018587,597182,-4.234219498192711
21,2022,9,477572,-15.572157685664633,817251,-11.74004464560526,560512,-6.140506579233802
21,2022,10,381108,-20.19883912792207,706122,-13.597903214557094,577513,3.033119719113953
21,2022,11,379512,-0.4187789288075821,671182,-4.948153435242069,585921,1.455897962470109
21,2022,12,397004,4.609076919833892,776856,15.744462753768723,597920,2.0478870018313047
22,2020,1,285958,7.781375205888893,598938,9.550540218721364,476929,-0.5996173453437431
22,2020,2,287642,0.588897670287245,565030,-5.66135392978906,461895,-3.152251173654779
22,2020,3,272848,-5.143198837443767,462231,-18.193547245279014,465485,0.7772329209019366
22,2020,4,276065,1.1790447428604938,434908,-5.911113707215656,426838,-8.302523174753214
22,2020,5,256941,-6.9273540651658125,433360,-0.35593734766893226,353970,-17.071582192775715
22,2020,6,267361,4.055405715709054,499240,15.202141406682665,383096,8.228380936237533
22,2020,7,274258,2.5796582149228944,532444,6.6509093822610375,415056,8.342556434940589
22,2020,8,329262,20.05556811469492,585819,10.02452840110885,403844,-2.7013222312169924
22,2020,9,366007,11.15980586888253,577850,-1.3603177773339545,454512,12.546428819048941
22,2020,10,254063,-30.585207386743967,445042,-22.98312710911136,403408,-11.243707536874714
22,2020,11,264569,4.135194813884746,472083,6.076055743053465,454070,12.558501566652126
22,2020,12,276798,4.622234653341851,553546,17.256075732445353,487188,7.293589094192525
22,2021,1,309709,11.889898048396304,628514,13.543228566370274,505614,3.782112859922658
22,2021,2,300322,-3.0309096603585948,577655,-8.091943854870378,465010,-8.030632063194453
22,2021,3,260220,-13.353001112139637,495944,-14.145294336584985,466582,0.33805724608072946
22,2021,4,268708,3.2618553531627086,478033,-3.6114964592776606,463280,-0.7076998255397765
22,2021,5,252834,-5.907527874123584,457612,-4.27188081157577,442968,-4.3843895700224484
22,2021,6,264565,4.639803191026523,505638,10.494917091335017,462349,4.375259612432501
22,2021,7,292485,10.55317218830911,570728,12.872845790862236,481449,4.131078471025135
22,2021,8,389968,33.32923055883208,621863,8.95960948122398,449547,-6.626247016817981
22,2021,9,307318,-21.194046691010545,541515,-12.920530727829119,452553,0.6686731309518248
22,2021,10,264572,-13.909370749516786,487316,-10.008771686841547,423189,-6.488521786398499
22,2021,11,270835,2.3672195092451203,489716,0.49249357706293245,460510,8.818991041827646
22,2021,12,279789,3.3060719626340758,562821,14.928039925181125,492200,6.881500944604895
22,2022,1,304837,8.952460604241052,633953,12.638476531614847,510725,3.763713937423811
22,2022,2,306579,0.5714529404238986,605954,-4.416573468380148,476091,-6.781340251603113
22,2022,3,269846,-11.98157734221848,533183,-12.009327440696818,483313,1.5169368881159275
22,2022,4,276233,2.3669055683612132,499782,-6.2644532927719005,471986,-2.343615834873053
22,2022,5,254325,-7.930985798221067,485495,-2.8586463698172406,452564,-4.114952562152268
22,2022,6,271074,6.585667944559128,548040,12.882727937465885,468647,3.5537515135980766
22,2022,7,352692,30.109121494499657,645668,17.814028173126047,497051,6.0608517711625165
22,2022,8,403228,14.32864935978134,661041,2.3809450057924506,468468,-5.750516546591798
22,2022,9,329788,-18.21302092116619,573367,-13.263019994221237,455288,-2.8134258903489675
22,2022,10,261969,-20.56442320521062,495332,-13.609956624640066,453686,-0.3518651930206814
22,2022,11,267929,2.275078348964954,489285,-1.2207973641920973,478081,5.377066958204573
22,2022,12,281969,5.240194230561081,576695,17.864843598311822,495075,3.5546277722812656
23,2020,1,363937,6.915768692934112,807766,4.110058681981809,936329,-5.886651355168134
23,2020,2,362782,-0.31736262045354,765934,-5.178727502766891,933616,-0.28974858196210945
23,2020,3,339840,-6.323908021897448,685005,-10.566053994208378,973137,4.2331108292917
23,2020,4,341388,0.4555084745762712,613539,-10.432916548054394,929895,-4.443567555236313
23,2020,5,323277,-5.305107385145348,583374,-4.916557871626743,894460,-3.81064528790885
23,2020,6,334429,3.449673190483703,627763,7.609012400278381,910982,1.8471479999105607
23,2020,7,348637,4.248435392863657,682415,8.705833252357976,931228,2.222436886788103
23,2020,8,419523,20.3323227310928,733900,7.544529355304324,922306,-0.9580897481604934
23,2020,9,434803,3.642231772751434,686796,-6.418313121678702,990502,7.39407528520903
23,2020,10,324640,-25.336301727448983,583936,-14.97679077921246,875234,-11.637331373384404
23,2020,11,338975,4.415660423854115,631356,8.120752959228408,915120,4.557181279520677
23,2020,12,362643,6.982225827863411,739667,17.155297486679462,989429,8.120137249759594
23,2021,1,404522,11.548271992014184,841610,13.782283108479898,1012491,2.3308393022642355
23,2021,2,388677,-3.9169686691947536,775723,-7.828685495657134,925030,-8.638200240792264
23,2021,3,335626,-13.649122536193293,681654,-12.126622518605224,1004021,8.53929061760159
23,2021,4,343820,2.441407995804854,625424,-8.24905303863837,982915,-2.1021472658440414
23,2021,5,326685,-4.983712407655169,597521,-4.461453350047328,980053,-0.2911747200927852
23,2021,6,341781,4.6209651499150555,652072,9.129553605647333,1006843,2.7335256358584687
23,2021,7,411503,20.39961261743631,749536,14.94681568906501,1030257,2.3254866945492
23,2021,8,555107,34.8974369567172,807431,7.7241119839474015,1024947,-0.5154053794344517
23,2021,9,410626,-26.02759467994459,709487,-12.130324448776427,945057,-7.794549376699478
23,2021,10,348830,-15.049217536152119,642121,-9.49502950723551,934070,-1.1625753790512106
23,2021,11,352653,1.09594931628587,661782,3.061883975138642,931980,-0.22375196719731927
23,2021,12,366950,4.054126861248877,779483,17.785464095427194,1012890,8.681516770746153
23,2022,1,407497,11.049734296225644,897333,15.118995539351083,1075778,6.208768968002448
23,2022,2,404692,-0.6883486258794543,832007,-7.280017563156599,944808,-12.17444491335573
23,2022,3,359210,-11.238670396251964,765953,-7.939115896861444,1013754,7.297355653212081
23,2022,4,360832,0.45154644915230646,671568,-12.322557650404137,988933,-2.448424371198535
23,2022,5,332217,-7.930283345157857,634458,-5.525873775998857,973360,-1.5747275093459314
23,2022,6,346122,4.18551729742909,690766,8.874976751810207,933361,-4.1093737157886085
23,2022,7,442033,27.71017155800556,810080,17.272708847858752,1020802,9.368400865260066
23,2022,8,530130,19.929959980363456,861267,6.318758641121865,970166,-4.960413478813717
23,2022,9,429158,-19.046648935166846,761505,-11.58316758914483,929772,-4.163617360328026
23,2022,10,354052,-17.50078059828781,666978,-12.413181791321133,889904,-4.287932955606321
23,2022,11,356392,0.6609198648786053,675191,1.231374947899331,961317,8.024798180477895
23,2022,12,382592,7.351455700464657,841787,24.67390708703167,991067,3.0947127742461644
24,2020,1,179055,7.864457831325302,352544,9.422167871453535,224932,0.837879881468464
24,2020,2,180774,0.9600402111083187,336914,-4.4334891531269855,222378,-1.135454270624011
24,2020,3,169153,-6.428468695719518,299353,-11.148542357990467,228379,2.6985583106242528
24,2020,4,172634,2.0579002441576564,281237,-6.051718205596737,206787,-9.454459473068889
24,2020,5,162424,-5.914246324594228,264957,-5.788712011577424,183482,-11.2700508252453
24,2020,6,167027,2.8339407969265626,295520,11.535079277014761,222757,21.405369464034617
24,2020,7,172967,3.5563112550665457,309981,4.893408229561451,240788,8.094470656365456
24,2020,8,212061,22.60199922528575,340681,9.903832815559662,233186,-3.1571340764489926
24,2020,9,232472,9.625060713662577,332533,-2.3916801934947944,245359,5.220296244199909
24,2020,10,162873,-29.93865927939709,262700,-21.000321772575955,219134,-10.688419825643242
24,2020,11,167079,2.582380136670903,277441,5.611343738104301,236914,8.11375687935236
24,2020,12,175508,5.044918870713854,316752,14.169138663715888,242353,2.2957697729977964
24,2021,1,195429,11.350479750210816,366805,15.801952316007476,249628,3.0018196597525098
24,2021,2,189546,-3.0103004160078597,340267,-7.234906830604817,237413,-4.893281202429215
24,2021,3,164434,-13.248499045086682,295911,-13.035645537181095,237415,0.0008424138526533931
24,2021,4,170284,3.5576583918167772,286440,-3.200624512099922,239327,0.8053408588336879
24,2021,5,161234,-5.314650818632402,269470,-5.924451892193828,229046,-4.295796128309802
24,2021,6,168214,4.329111725814654,297815,10.518796155416188,247705,8.14639854003126
24,2021,7,190071,12.993567717312471,341885,14.797777143528702,258988,4.555015038049293
24,2021,8,252671,32.935061108743575,378914,10.830834929874081,244935,-5.426120129117951
24,2021,9,204989,-18.871180309572527,338495,-10.66706429427258,238273,-2.7199052809929163
24,2021,10,171532,-16.321363585363116,300577,-11.20193799022142,233493,-2.0061022440645813
24,2021,11,171344,-0.10960054100692582,292729,-2.610978218559637,246738,5.672546928601714
24,2021,12,176165,2.8136380614436454,330591,12.93414728298187,254656,3.209071971078634
24,2022,1,192007,8.9927057020407,376212,13.79983121137599,257662,1.180415933651671
24,2022,2,192382,0.1953053794913727,358340,-4.750513008622797,237813,-7.70350303886487
24,2022,3,170870,-11.181919306380014,320672,-10.51180443154546,243857,2.541492685429308
24,2022,4,175471,2.692690349388424,300715,-6.223493164354855,236705,-2.9328663930090175
24,2022,5,160248,-8.675507633740049,278806,-7.285635901102373,233364,-1.4114615238376882
24,2022,6,166889,4.144201487694074,311626,11.771626148648163,239049,2.4361083971820845
24,2022,7,210801,26.312099659054823,371045,19.067407725927875,256952,7.489259524197968
24,2022,8,250701,18.92780394779911,391060,5.394224420218572,250253,-2.607101715495501
24,2022,9,216161,-13.77736825940064,355096,-9.196542730015853,235630,-5.843286593966906
24,2022,10,170660,-21.049588038545345,299008,-15.79516525108703,221910,-5.822688112719093
24,2022,11,167877,-1.6307277628032344,287701,-3.7815041738013697,234945,5.874002974178722
24,2022,12,175613,4.6081357184128855,334483,16.260631697491494,234270,-0.2873012832790653
25,2020,1,170132,8.077272467395517,485405,8.720143704420433,197590,0.42591689029844676
25,2020,2,171238,0.6500834646039546,462978,-4.62026555144673,196622,-0.4899033351890278
25,2020,3,159805,-6.67667223396676,413902,-10.600071709670871,197621,0.5080814964754707
25,2020,4,163371,2.231469603579362,375281,-9.330952737604553,181677,-8.06796848513063
25,2020,5,151937,-6.9987941556334965,363337,-3.1826817771216773,170181,-6.3277134695090735
25,2020,6,157068,3.3770575962405474,406165,11.787403980326804,193002,13.409840111410793
25,2020,7,164014,4.4222884355820415,433239,6.665763913680401,202180,4.755391135843152
25,2020,8,187998,14.623141926908678,464019,7.104623544971712,199815,-1.1697497279651796
25,2020,9,218534,16.242725986446665,452290,-2.5276982192539528,203154,1.671045717288492
25,2020,10,151423,-30.709637859555034,394125,-12.860111875124366,184069,-9.394351083414552
25,2020,11,158121,4.423370293812697,361679,-8.232413574373613,193930,5.357230169121363
25,2020,12,165991,4.977201004294179,450227,24.482483085830253,203076,4.7161346877739385
25,2021,1,186458,12.330186576380648,512600,13.85367825563549,213744,5.253205696389529
25,2021,2,182892,-1.9124950390972766,471004,-8.114709325009754,193244,-9.590912493450109
25,2021,3,155500,-14.977144981737855,413927,-12.11815610907763,202527,4.803771397818302
25,2021,4,162563,4.542122186495177,388456,-6.1535004964643525,200303,-1.0981251882465053
25,2021,5,151816,-6.610975437215111,368560,-5.121815598162984,188596,-5.844645362276152
25,2021,6,159382,4.983664435896085,409201,11.026969828521814,206125,9.294470720481876
25,2021,7,177151,11.148686802775721,467616,14.275380558698537,217669,5.600485142510612
25,2021,8,246980,39.41778482763292,504451,7.877189830972421,214349,-1.5252516435505286
25,2021,9,191805,-22.339865576160012,438456,-13.082539235723589,200584,-6.421770103895982
25,2021,10,158813,-17.200802898777404,397247,-9.398662579597497,198297,-1.1401707015514697
25,2021,11,162384,2.2485564783739367,399855,0.6565184884970812,191571,-3.3918818741584595
25,2021,12,166905,2.784141294708838,453890,13.513648697652899,193683,1.1024633164727438
25,2022,1,183876,10.16805967466523,515633,13.603075635065764,213714,10.342157029785785
25,2022,2,185326,0.7885749091779243,490928,-4.79119839110375,196264,-8.165117867804636
25,2022,3,163341,-11.862879466453709,446335,-9.083409379786852,200752,2.286715852117556
25,2022,4,169188,3.5796278950171727,415578,-6.891012356189857,194734,-2.997728540687017
25,2022,5,152645,-9.777880227912144,396014,-4.707660174503944,193748,-0.506331714030421
25,2022,6,157946,3.4727636018212196,436613,10.25191028599999,198524,2.4650577038214587
25,2022,7,200021,26.63885125295987,512362,17.349231470432624,218035,9.828030867804397
25,2022,8,238299,19.136990615985322,525858,2.6340751265706666,208832,-4.220881968491297
25,2022,9,202773,-14.908161595306737,462900,-11.972433622765081,192578,-7.78328991725406
25,2022,10,159921,-21.13299107869391,405314,-12.440267876431195,190347,-1.1584916241730625
25,2022,11,160764,0.527135273041064,399852,-1.347597171575618,189289,-0.555826989655734
25,2022,12,168019,4.512826254634121,471061,17.808839270530097,199477,5.38224619497171
26,2020,1,135479,7.813942384211364,357451,9.034810512701627,2420906,-0.17166521859790382
26,2020,2,137299,1.343381631101499,353974,-0.9727207365485059,2216161,-8.457370918160391
26,2020,3,129140,-5.942505043736662,327520,-7.4734302519394085,2399461,8.271059728963735
26,2020,4,131711,1.990862629704197,304131,-7.141243282852956,2266394,-5.54570380597976
26,2020,5,122140,-7.266667172825353,279365,-8.143201449375434,2283492,0.7544142810120393
26,2020,6,123228,0.8907810709022433,300486,7.560360102375029,2086768,-8.61505098331853
26,2020,7,125140,1.5515954166260915,315903,5.130688284978335,2279119,9.217651411177476
26,2020,8,152399,21.78280326034841,346721,9.755526221656648,2372331,4.08982593712746
26,2020,9,177919,16.745516702865505,375828,8.394934255496494,2298114,-3.1284420260073316
26,2020,10,122082,-31.38338232566505,297534,-20.832402056259777,2351153,2.3079359857692
26,2020,11,124906,2.313199325043823,304818,2.448123575793019,2283424,-2.88067173850447
26,2020,12,130255,4.2824203801258545,331890,8.881365273704308,2393073,4.801955309219838
26,2021,1,146725,12.644428236919888,374594,12.866913736478955,2422465,1.2282115923751593
26,2021,2,143187,-2.4113136820582723,331983,-11.375248936181572,2171623,-10.354824527908555
26,2021,3,122957,-14.128377576176609,307055,-7.508818222619833,2382588,9.714623578770349
26,2021,4,128479,4.491000919020471,317562,3.421862532771002,2270571,-4.701484268367002
26,2021,5,120716,-6.042232582756715,298659,-5.952538401949855,2263421,-0.31489876335071665
26,2021,6,124792,3.376520096756022,333316,11.60420412577555,2227344,-1.5939146981493943
26,2021,7,133045,6.6134047054298355,353921,6.181821454715646,2394865,7.521110344877127
26,2021,8,183178,37.68123567214101,366059,3.4295789173290085,2362485,-1.3520595106613524
26,2021,9,152513,-16.740547445653952,335461,-8.358761838938532,2373587,0.46992890960154243
26,2021,10,126664,-16.948719125582738,315801,-5.860591842270786,2354704,-0.7955469928003481
26,2021,11,127439,0.6118549864207667,338719,7.257101782451607,2280126,-3.167192139648975
26,2021,12,129029,1.2476557411781324,333031,-1.6792680658599017,2444440,7.206356139967704
26,2022,1,141911,9.983802091002799,364383,9.414138623731723,2401631,-1.751280456873558
26,2022,2,143347,1.0119018257922219,340012,-6.688292263909129,2191299,-8.757881622947073
26,2022,3,125864,-12.196278959448053,321081,-5.567744667835252,2416910,10.295765205934927
26,2022,4,130896,3.9979660586029366,302429,-5.809126046075601,2276729,-5.800009102531745
26,2022,5,118477,-9.48768487959907,298948,-1.151013956994865,2329360,2.3116936622672264
26,2022,6,122153,3.1027119187690437,319147,6.756693471774355,2169075,-6.881074629941271
26,2022,7,149526,22.40878242859365,358776,12.417161997449451,2393895,10.364786833097057
26,2022,8,181410,21.323381886762167,378273,5.43430998729012,2342449,-2.149049979217969
26,2022,9,158966,-12.371975084063722,360865,-4.601967362196087,2220211,-5.218384690552495
26,2022,10,123131,-22.54255626989419,331858,-8.038186025244897,2138119,-3.6974864100754385
26,2022,11,124106,0.7918395854821288,302881,-8.731746710942632,2086072,-2.4342424345885334
26,2022,12,128368,3.434161120332619,342822,13.18702724832525,2283786,9.477812846344708
29,2020,1,45624,8.950234024262107,110239,8.463453269970582,132979,-1.7459473038672402
29,2020,2,45959,0.7342626687708224,104055,-5.609629985758216,133260,0.21131156047195424
29,2020,3,42995,-6.449226484475293,94668,-9.021190716448032,142884,7.221972084646556
29,2020,4,44245,2.9073148040469823,84571,-10.66569484936832,135789,-4.965566473502982
29,2020,5,41341,-6.563453497570347,80596,-4.700192737463197,130364,-3.9951689753956505
29,2020,6,42855,3.6622239423332767,87812,8.953297930418383,138681,6.37982878708846
29,2020,7,45058,5.1405903628514755,93635,6.631212135015716,145992,5.271810846475003
29,2020,8,50666,12.446180478494385,99184,5.926202808778768,144172,-1.2466436517069428
29,2020,9,65247,28.778668140370268,95631,-3.582231005000806,149846,3.93557694975446
29,2020,10,44175,-32.29573773506828,82974,-13.235247984440193,138912,-7.2968247400664685
29,2020,11,44455,0.6338426711941143,91407,10.163424687251428,152192,9.560009214466712
29,2020,12,46364,4.294230120346418,107083,17.14967125056068,157294,3.3523444070647606
29,2021,1,52480,13.191269088085583,122502,14.399110969995238,159192,1.2066575966025406
29,2021,2,53385,1.7244664634146343,111043,-9.354132993747042,139581,-12.319086386250564
29,2021,3,44544,-16.56083169429615,98310,-11.466729104941328,153144,9.716938551808628
29,2021,4,46894,5.275682471264368,91899,-6.521208422337504,148729,-2.8829075902418637
29,2021,5,43857,-6.476308269714676,86462,-5.916277652640399,144865,-2.5980138372476116
29,2021,6,46213,5.372004469069932,93803,8.490435104438944,152874,5.5285955889966525
29,2021,7,49119,6.28827386233311,105239,12.191507734294213,160939,5.275586430655311
29,2021,8,71039,44.62631568232252,110752,5.238552247740857,157209,-2.3176483015303937
29,2021,9,60033,-15.49289826714903,99654,-10.020586535683329,149663,-4.79997964493127
29,2021,10,47279,-21.244981926607032,92964,-6.713227768077548,146457,-2.1421460213947334
29,2021,11,48302,2.163751348378773,97909,5.319263370767178,151077,3.1545095147381144
29,2021,12,48961,1.364332739845141,753406,669.4961648060954,155567,2.9719944134447998
29,2022,1,54158,10.614570780825556,-512498,-168.02414634340582,159627,2.60980799269768
29,2022,2,55578,2.621957974814432,119856,-123.38662785025502,144882,-9.237159127215321
29,2022,3,49147,-11.571125265392782,108823,-9.205212922173274,155466,7.305255311218785
29,2022,4,51148,4.071459092111421,99702,-8.381500234325465,152403,-1.9702057041410985
29,2022,5,45795,-10.465707359036521,93576,-6.144310043930914,151617,-0.5157378791756068
29,2022,6,46961,2.5461294901190086,99191,6.000470206035736,155215,2.3730848123891124
29,2022,7,55278,17.710440578352248,112612,13.530461432992913,165726,6.771897046032922
29,2022,8,72012,30.27244111581461,117073,3.9613895499591516,161995,-2.251306373170172
29,2022,9,66933,-7.052991168138643,106465,-9.061013213977603,156035,-3.679125898947498
29,2022,10,49478,-26.078317123093242,97343,-8.568074014934487,151812,-2.7064440670362417
29,2022,11,48966,-1.0348033469420752,98500,1.1885805861746608,159744,5.224883408426211
29,2022,12,49984,2.0789935873871666,119289,21.10558375634518,162170,1.5186798878205128
31,2020,1,1630255,7.145697327231584,4119709,8.171091491900247,5528375,1.082411683222482
31,2020,2,1625298,-0.3040628613315095,3900613,-5.318239710620337,5327913,-3.626056481334931
31,2020,3,1527652,-6.0078828620966735,3464703,-11.175422939932774,5409496,1.5312374657769374
31,2020,4,1541011,0.8744792662203172,3141585,-9.325994176124187,5105893,-5.612408253929757
31,2020,5,1452608,-5.736688446740484,2934608,-6.588298581766846,4919373,-3.6530338571529013
31,2020,6,1514236,4.242576111380359,3167141,7.9238181044964096,5179460,5.286994907684374
31,2020,7,1580651,4.386040220943102,3399839,7.347257352924926,5425576,4.7517694894834595
31,2020,8,1868562,18.21471026811105,3625838,6.647344183062787,5482051,1.0409033068562674
31,2020,9,1977828,5.847598313569472,3436342,-5.226267693151211,5498169,0.2940140469324346
31,2020,10,1480196,-25.16052963149475,2931616,-14.687886130076691,5095858,-7.317181410756926
31,2020,11,1544219,4.325305567641042,3207661,9.416137720629168,5390699,5.785895132870657
31,2020,12,1645029,6.528219119179339,3800888,18.494067795817575,5807996,7.741055473510949
31,2021,1,1839465,11.819609259168075,4391913,15.549655764652892,6088209,4.824607317222671
31,2021,2,1773486,-3.586858135381755,4084601,-6.9972242164177665,5606085,-7.918979128344642
31,2021,3,1528106,-13.836026898436188,3490917,-14.534687721028321,5649262,0.7701809729963067
31,2021,4,1569568,2.7132934495381864,3222217,-7.697117977883748,5546553,-1.8180958857988885
31,2021,5,1494817,-4.762520642622683,3027494,-6.043137380257133,5502618,-0.792113588385435
31,2021,6,1563636,4.603841139082577,3292013,8.73722623397437,5657148,2.8082996130205657
31,2021,7,1845645,18.035463496619418,3696753,12.294605154961417,6055053,7.033667848180744
31,2021,8,2468355,33.73942442885821,3967366,7.320288913000137,5760641,-4.862253063680863
31,2021,9,1835426,-25.64173305703596,3488847,-12.061377750376447,6047525,4.98007079420502
31,2021,10,1577530,-14.051015949430814,3214512,-7.863199504019523,5595162,-7.480134435161492
31,2021,11,1609745,2.0421164732207946,3376074,5.026019501560423,5775244,3.218530580526534
31,2021,12,1669471,3.710277093576933,4000495,18.495477291078334,6133978,6.211581709794426
31,2022,1,1845233,10.528005577814769,4664460,16.597071112449836,6454270,5.2216033379969735
31,2022,2,1829616,-0.8463429821599765,4432269,-4.977875252440797,5952653,-7.771862658364152
31,2022,3,1623139,-11.285264230308437,3915606,-11.656851152310475,6094534,2.3834918648878074
31,2022,4,1638252,0.931097090267685,3531841,-9.800909488850513,5890683,-3.344816847358633
31,2022,5,1502518,-8.285294325903463,3315339,-6.130004153641118,5814815,-1.28793214640815
31,2022,6,1562740,4.008071783499433,3547743,7.0099618772016985,5748616,-1.1384541038708884
31,2022,7,1974596,26.354735912563832,4071731,14.769615499206115,6505491,13.166212528372046
31,2022,8,2345949,18.80653055105956,4316065,6.000740225717268,6264636,-3.702333920683312
31,2022,9,1909497,-18.604496517187712,3807222,-11.789511974448947,5918737,-5.521454079694335
31,2022,10,1584554,-17.017204007128576,3383310,-11.134417693530875,5818448,-1.6944324439487684
31,2022,11,1605675,1.3329302756485422,3467215,2.4799678421427536,5992445,2.9904366250244054
31,2022,12,1706376,6.271568032136017,4242090,22.348628510201994,6252630,4.341883822045927
32,2020,1,193282,8.100157159715659,848597,10.462901854809632,505530,-9.782366220810394
32,2020,2,194226,0.4884055421611945,810765,-4.458182152423353,496663,-1.754000751686349
32,2020,3,179974,-7.337843543088979,681412,-15.954438092418888,539481,8.621137471484689
32,2020,4,180894,0.5111849489370687,607464,-10.852171667067795,557647,3.367310433546316
32,2020,5,168553,-6.8222273817815955,536248,-11.723493079425284,520647,-6.635021796943227
32,2020,6,168054,-0.29604931386566835,523045,-2.4621070847816684,518326,-0.4457914863621609
32,2020,7,168927,0.5194758827519727,531855,1.6843675018401858,517726,-0.11575726473300586
32,2020,8,194720,15.268725544169968,581646,9.361762134416335,487142,-5.9073718530651345
32,2020,9,212278,9.017050123253902,559408,-3.8232877042049633,542033,11.267967040411214
32,2020,10,167904,-20.903720592807545,517361,-7.516338700912393,551611,1.7670510836056106
32,2020,11,178181,6.120759481608538,614284,18.734114090547994,568186,3.0048349289626204
32,2020,12,190107,6.693193999360202,758033,23.401065305298527,547840,-3.580869644799414
32,2021,1,217506,14.41240985339835,901509,18.92740817352279,510795,-6.762010806074767
32,2021,2,210982,-2.999457486230265,847219,-6.022125125761362,481403,-5.754167523174659
32,2021,3,177664,-15.791868500630384,692867,-18.21866601197565,524541,8.960891394528076
32,2021,4,178952,0.724963976945245,615469,-11.170686437656867,540093,2.9648778646473772
32,2021,5,168101,-6.063637176449551,584272,-5.068817438408758,539327,-0.14182742601737108
32,2021,6,170905,1.6680448063961548,570802,-2.305433085959964,532466,-1.2721410201973942
32,2021,7,181682,6.305842427079372,566223,-0.8022046173629385,572916,7.596729180830325
32,2021,8,242633,33.548177585011175,623446,10.106088943755376,583055,1.7697184229450742
32,2021,9,191598,-21.033824747664166,549943,-11.789794144160041,571011,-2.0656713346082274
32,2021,10,173753,-9.313771542500444,524754,-4.580292866715277,582372,1.989628921334265
32,2021,11,184286,6.062053604829845,631787,20.396795450820765,590103,1.327502009025159
32,2021,12,191652,3.9970480665921446,773857,22.487009071095162,608045,3.0404861524174596
32,2022,1,215240,12.307724417172793,913219,18.008753555243413,570722,-6.138197008445099
32,2022,2,215765,0.2439137706745958,892132,-2.309084677388447,512682,-10.169574679090696
32,2022,3,186426,-13.59766412532153,745414,-16.445772598673738,551798,7.629680776777807
32,2022,4,188334,1.0234623925847253,652914,-12.409211525407358,568839,3.0882678081471844
32,2022,5,167868,-10.86686418809137,569280,-12.80934395647819,587853,3.342597817660182
32,2022,6,170498,1.5667071746848715,568083,-0.2102655986509275,561801,-4.431720174941694
32,2022,7,200698,17.712817745662708,613072,7.91944134923946,577882,2.862401455319588
32,2022,8,234460,16.822290207176952,650473,6.100588511626693,574191,-0.6387117093108974
32,2022,9,200722,-14.389661349483921,584107,-10.202729398453126,564596,-1.6710467422861035
32,2022,10,173635,-13.494783830372356,553578,-5.226610877801498,581068,2.9174843604984804
32,2022,11,183291,5.561090793906758,645913,16.679672963882236,579843,-0.21081869936048792
32,2022,12,195303,6.553513265790464,800470,23.928454760935296,573335,-1.1223727802180936
33,2020,1,197673,8.046963394570131,689404,12.514056015158465,1514057,-2.9466194452011987
33,2020,2,197726,0.026811957121104048,641549,-6.941503095427355,1465052,-3.2366681043051884
33,2020,3,182702,-7.598393736787271,562271,-12.35727902311437,1546138,5.53468409312434
33,2020,4,185066,1.2939103020218716,493091,-12.303675629723033,1477501,-4.4392544520605535
33,2020,5,172638,-6.715442058508857,450278,-8.682575832858438,1452145,-1.7161409704629642
33,2020,6,176651,2.324517197835934,434518,-3.500059962956218,1502441,3.4635659662086087
33,2020,7,181473,2.72967602787417,450468,3.6707340087177056,1581116,5.236478503981188
33,2020,8,212219,16.942465270315694,478046,6.122077483861229,1566027,-0.9543259318101898
33,2020,9,235968,11.190798184893906,471552,-1.3584466766796501,1600342,2.1912138168754436
33,2020,10,172302,-26.980777054515865,418416,-11.268322475570033,1499909,-6.275721064622437
33,2020,11,183232,6.343513133916032,500796,19.688539635195596,1575081,5.011770714089988
33,2020,12,194233,6.003863953894516,609813,21.768744159298397,1629983,3.4856620072237554
33,2021,1,219869,13.198581085603372,731791,20.002525364333003,1644748,0.9058376682456197
33,2021,2,213163,-3.049997953326754,680359,-7.0282362040527975,1480078,-10.011868079486948
33,2021,3,179011,-16.02154220010039,561480,-17.472981176114374,1604419,8.400976164769695
33,2021,4,184057,2.8188211897592885,528578,-5.859870342665812,1561368,-2.683276625370305
33,2021,5,172405,-6.330647571132856,469611,-11.155780225435036,1590662,1.8761752514461678
33,2021,6,179449,4.0857283721469795,479059,2.011877915977266,1625031,2.1606727261982748
33,2021,7,197238,9.913122948581492,511321,6.73445233259369,1695877,4.3596706770516995
33,2021,8,270848,37.32039465011813,554654,8.474715491833896,1682360,-0.7970507295045572
33,2021,9,207718,-23.30827622873346,493819,-10.96809903110768,1609373,-4.338369908937445
33,2021,10,179112,-13.77155566681751,464456,-5.946105759397674,1589354,-1.2439005749444036
33,2021,11,187810,4.856179373799634,538099,15.85575382813442,1608009,1.173747321238692
33,2021,12,194943,3.797987327618338,650834,20.950605743552767,1661086,3.3007899831406418
33,2022,1,216079,10.842143600950022,765932,17.68469379288728,1686378,1.5226183352336966
33,2022,2,217161,0.5007427838892257,740408,-3.332410710089146,1534254,-9.020753354230191
33,2022,3,187361,-13.722537656393182,642338,-13.245399833605257,1647608,7.388216032025988
33,2022,4,192642,2.818622872422756,568556,-11.486475967481296,1606517,-2.4939791503804303
33,2022,5,172050,-10.689257794250475,483716,-14.922012959145626,1620874,0.8936724603598966
33,2022,6,176904,2.8212728857890146,491601,1.6300887297505149,1647243,1.6268383600452594
33,2022,7,222445,25.7433410211188,548535,11.58134340654311,1787573,8.51908309824355
33,2022,8,263511,18.461192654364,569315,3.788272398297283,1743770,-2.450417409526772
33,2022,9,220629,-16.27332445324863,520498,-8.57469063699358,1649908,-5.382705287968023
33,2022,10,180281,-18.287713763829778,484680,-6.881486576317296,1649562,-0.02097086625436085
33,2022,11,186573,3.4901071105662824,541766,11.77808038293307,1661027,0.6950329845134648
33,2022,12,199064,6.694966581445333,670446,23.751951949734757,1715005,3.249676254510011
34,2020,1,259122,7.838543075572129,896268,10.424749431716677,3416414,-0.937729974361755
34,2020,2,260557,0.5537931939395343,861068,-3.9273967161607914,3255614,-4.706689528845157
34,2020,3,241686,-7.242561128658988,770005,-10.575587526188409,3403794,4.551522385639084
34,2020,4,244974,1.3604428887068345,682218,-11.400835059512602,3145326,-7.593526517762237
34,2020,5,229533,-6.303117881897672,623722,-8.57438531378533,3066777,-2.497324601647015
34,2020,6,233678,1.8058405545172154,618249,-0.8774742593655507,3197747,4.270607220544565
34,2020,7,240709,3.0088412259605097,645528,4.412299898584551,3359368,5.054214733060496
34,2020,8,285318,18.532335724879417,668996,3.635473596807574,3457373,2.9173642185077666
34,2020,9,317152,11.157375279512683,664001,-0.7466412355230824,3382032,-2.1791400580729934
34,2020,10,230307,-27.382769145394008,596851,-10.112936576902746,2892987,-14.460093813423407
34,2020,11,240430,4.395437394434385,666792,11.718335061849608,3101524,7.208362844354295
34,2020,12,255075,6.091169987106435,791337,18.67823849116366,3220184,3.8258610928046983
34,2021,1,288566,13.129863765559149,934173,18.049958487976678,3211455,-0.27107146672364063
34,2021,2,280398,-2.8305482974432192,885932,-5.164032786218399,2873114,-10.535442657611581
34,2021,3,237405,-15.33284830847581,746554,-15.732358691186231,3093425,7.66802152646919
34,2021,4,244715,3.0791263873970642,663008,-11.190885053191062,2968849,-4.027122041103308
34,2021,5,230502,-5.807980712257115,599058,-9.645434142574448,3047966,2.6649048166477987
34,2021,6,239272,3.8047392213516584,587932,-1.8572492146002557,2943659,-3.422183843258094
34,2021,7,265144,10.812798823096728,643173,9.395814481946891,3228898,9.689947103248032
34,2021,8,364013,37.2887940138189,683454,6.262856183328591,3209931,-0.5874140341379629
34,2021,9,285912,-21.455552411589697,627500,-8.186944549303977,3064909,-4.517916428733203
34,2021,10,241926,-15.38445395786116,609404,-2.883824701195219,3003891,-1.9908584561564473
34,2021,11,248004,2.5123384836685596,666027,9.291537305301574,3194662,6.350796350466778
34,2021,12,258853,4.374526217319075,784653,17.81098964456396,3345271,4.714395450911551
34,2022,1,286820,10.804201612498213,923233,17.661310158758077,3397096,1.5492018434380952
34,2022,2,287818,0.34795342026357995,1043826,13.062033094570927,3101634,-8.697487501089165
34,2022,3,250327,-13.025940003752371,630901,-39.55879619783374,3295169,6.239775550564638
34,2022,4,256404,2.4276246669356483,720419,14.188913950049214,3111406,-5.576739766609847
34,2022,5,230409,-10.138297374455938,639612,-11.216666967417572,3089143,-0.7155286066813524
34,2022,6,237724,3.17478917924213,644700,0.7954822611208044,3123150,1.100855479982636
34,2022,7,293100,23.294240379599874,684258,6.135877152163797,3315366,6.154555496854138
34,2022,8,353235,20.516888433981574,747557,9.250750447930459,3256771,-1.767376512879724
34,2022,9,298896,-15.383243449828019,704039,-5.82136211686868,3056592,-6.146548222150099
34,2022,10,243623,-18.492385311278838,653550,-7.171335678847337,3009821,-1.53016823966038
34,2022,11,247360,1.533927420645834,678535,3.822966873230816,3126659,3.8818919796227083
34,2022,12,264820,7.058538163001293,842186,24.118284244733136,3213461,2.7761901761592807
35,2020,1,215084,7.821797564680345,627078,10.863246775288527,1180528,1.378212917536512
35,2020,2,218731,1.695616596306559,609381,-2.8221369590385885,1075120,-8.928886057763984
35,2020,3,200545,-8.31432215826746,527843,-13.380463125696403,1011693,-5.899527494605254
35,2020,4,204818,2.1306938592335887,483575,-8.386584647328846,954005,-5.702125051769658
35,2020,5,192220,-6.150826587506957,432557,-10.550173189267435,922659,-3.2857270140093604
35,2020,6,193929,0.8890854229528665,439900,1.6975797409358766,899726,-2.4855336586973085
35,2020,7,195712,0.9194086495573122,457269,3.9483973630370537,914234,1.612490913900454
35,2020,8,236676,20.930755395683455,506196,10.699828765999882,915611,0.15061789432464773
35,2020,9,261414,10.452263854383208,500843,-1.0574955155710437,1041027,13.69752001668831
35,2020,10,190097,-27.28124737007199,411681,-17.8023851785889,993175,-4.596614689148312
35,2020,11,198827,4.592392304981141,470294,14.237479990575228,1026348,3.3400961562665192
35,2020,12,210993,6.118887273861196,557020,18.44080511339715,1062084,3.4818599539337534
35,2021,1,236602,12.137369486191485,654577,17.51409285124412,1105956,4.130746720598371
35,2021,2,229207,-3.1255018977016253,615794,-5.924895008532228,985232,-10.915804968732933
35,2021,3,195993,-14.490831431849813,519164,-15.691935939616169,1055994,7.182267729834191
35,2021,4,203404,3.781257493890088,486654,-6.261990430769468,1035412,-1.9490641045308967
35,2021,5,190504,-6.342058169947494,437351,-10.131017108664473,1039835,0.42717295144348333
35,2021,6,194877,2.2954898584806616,451723,3.2861477394586953,1050850,1.059302677828694
35,2021,7,213226,9.415682712685438,492748,9.081893107058972,1097487,4.438026359613646
35,2021,8,283998,33.19107425923668,552301,12.08589380372929,1087028,-0.9529953429972291
35,2021,9,230688,-18.771258952527834,500224,-9.429097539204166,1060143,-2.473257358596099
35,2021,10,196875,-14.657459425717853,445640,-10.911911463664278,1036947,-2.1880067123020197
35,2021,11,201776,2.4893968253968257,488194,9.548963288753253,1046098,0.8824944765740197
35,2021,12,211747,4.941618428356197,575912,17.967857040438844,1076681,2.9235310649671447
35,2022,1,229834,8.541797522515077,666930,15.804150634124658,1112546,3.331070205566923
35,2022,2,232182,1.021606898892244,651986,-2.240714917607545,1020732,-8.252602589016544
35,2022,3,201151,-13.36494646441154,564893,-13.358108916449126,1087090,6.501020836027478
35,2022,4,207866,3.338288151687041,515649,-8.717403118820732,1032627,-5.009980774360908
35,2022,5,187318,-9.885214513196,445124,-13.676939158225847,1037715,0.4927238973995451
35,2022,6,190849,1.8850297355299546,465969,4.682964746901987,1065132,2.642054899466616
35,2022,7,231331,21.21153372561554,535829,14.992413658419338,1117737,4.938824483725961
35,2022,8,276791,19.651495043898137,565002,5.444460826121766,1087609,-2.695446245404778
35,2022,9,239152,-13.598346767055286,514988,-8.852004063702429,1035827,-4.761086015286744
35,2022,10,193988,-18.88506054726701,454092,-11.824741547375861,1053494,1.7055936946999837
35,2022,11,197011,1.5583438150813451,473245,4.217867744862275,1065750,1.1633668535368973
35,2022,12,210103,6.645314221033344,577013,21.926908894969834,1093903,2.641613886934084
36,2020,1,212957,8.576745608891835,668205,5.147996034556012,1892310,0.026905578335142018
36,2020,2,216021,1.4387881121540969,697869,4.439356185601724,1705166,-9.889711516611973
36,2020,3,198826,-7.959874271482866,622026,-10.867798970867025,1783065,4.568411521224327
36,2020,4,202124,1.6587367849275245,588086,-5.456363560365643,1797414,0.8047379091620328
36,2020,5,190285,-5.857295521561022,514538,-12.506334107596508,1730383,-3.729302208617492
36,2020,6,190688,0.21178758178521692,515471,0.18132771534852626,1655314,-4.338288113094038
36,2020,7,194467,1.981771270347374,548852,6.475825022164196,1782607,7.689960937924768
36,2020,8,246561,26.788092581260575,617925,12.58499559079679,1825202,2.3894778826740835
36,2020,9,255819,3.7548517405429083,600475,-2.8239673099486184,1933154,5.914523433570641
36,2020,10,188158,-26.448778237738402,511829,-14.762646238394606,1812680,-6.231991864072909
36,2020,11,195813,4.068389332369604,568581,11.088078244882569,1652599,-8.831178145066973
36,2020,12,208956,6.712016056135191,642298,12.965083251111098,1807230,9.356837321092412
36,2021,1,233837,11.907291487203048,744261,15.874718588567923,1866558,3.282814030311582
36,2021,2,226386,-3.1864076258248266,703053,-5.5367673437141,1809460,-3.058999506042673
36,2021,3,195854,-13.486699707579092,640150,-8.947120629596915,1888000,4.340521481546981
36,2021,4,200173,2.2052140880451763,567067,-11.416542997734906,1903252,0.8078389830508474
36,2021,5,188520,-5.821464433265225,534865,-5.678694052025598,1998716,5.015836053239403
36,2021,6,192726,2.2310630171865053,527678,-1.3437035513634281,1927700,-3.5530810780521094
36,2021,7,216369,12.267675352573084,579023,9.730365867062869,2060956,6.9126938839030965
36,2021,8,281142,29.936358720519113,642875,11.02754122029695,2149032,4.273550721121654
36,2021,9,234508,-16.58734731914833,597662,-7.032937973945168,2004593,-6.721119089897219
36,2021,10,198831,-15.213553482183977,553454,-7.396822953441911,1974208,-1.5157690364078893
36,2021,11,200563,0.871091529992808,551971,-0.26795361493457454,1927182,-2.38201851071417
36,2021,12,209908,4.659383834505866,617226,11.822179063755161,2139111,10.99683371887035
36,2022,1,231489,10.281170798635593,696449,12.835330980872484,2160337,0.9922813729628804
36,2022,2,232173,0.29547840286147503,671140,-3.634006222996946,1983719,-8.175483732399158
36,2022,3,201530,-13.198347783764694,604589,-9.916112882558036,2199200,10.862475985762096
36,2022,4,206541,2.486478439934501,572105,-5.37290622224354,2072763,-5.7492269916333205
36,2022,5,187263,-9.333740032245414,524621,-8.299875022941592,2068173,-0.22144355143352135
36,2022,6,190956,1.9720927252046587,547418,4.345422695622173,2009502,-2.836851656026841
36,2022,7,234964,23.04614675632083,629083,14.918216061583653,2122834,5.639805285090535
36,2022,8,281917,19.983061234912583,674984,7.296493467475675,2135739,0.6079137605672417
36,2022,9,239998,-14.869270033378617,611140,-9.458594574093608,2036556,-4.643966327346178
36,2022,10,193595,-19.3347444562038,547301,-10.445888012566678,2295071,12.693733931205427
36,2022,11,195675,1.0744079134275162,571308,4.386434521405954,1565376,-31.79400550135486
36,2022,12,210855,7.757761594480645,649969,13.768580170415959,2108754,34.71229915368576
37,2020,1,311656,6.964851405291681,1016101,6.70124311393846,2432581,-0.8031314582860983
37,2020,2,314253,0.8332905511204661,963531,-5.173698283930436,2285028,-6.065697298466115
37,2020,3,293550,-6.588003933136677,802552,-16.70719468289033,2384037,4.332944716651174
37,2020,4,296741,1.0870379833077841,751334,-6.381891765268792,2265206,-4.984444452833576
37,2020,5,276647,-6.771561732285057,715785,-4.731450992501338,2085020,-7.95450833169257
37,2020,6,280307,1.322985609820457,729932,1.9764314703437484,2046573,-1.8439631274520147
37,2020,7,282695,0.8519230700624671,767064,5.087049204583441,2231332,9.027725861721034
37,2020,8,345970,22.382780027945312,855845,11.574132015060021,2268418,1.6620565653161432
37,2020,9,362856,4.880770008960314,848896,-0.8119460883688052,2369615,4.461126653024267
37,2020,10,273999,-24.488226734572393,734679,-13.454769488841977,2266481,-4.352352597362863
37,2020,11,287765,5.0241059273938955,796227,8.37753631177698,2372228,4.665690998512672
37,2020,12,304589,5.846437197018401,936140,17.57199894000078,2445977,3.1088495709518646
37,2021,1,341390,12.082182875941022,1070394,14.341231012455403,2586696,5.753079444328381
37,2021,2,327694,-4.011833972875597,987291,-7.763776702784209,2358388,-8.826240114802822
37,2021,3,283531,-13.476902231960306,878627,-11.006278797234048,2459312,4.279363700968627
37,2021,4,290495,2.4561688139921207,834828,-4.984936725140475,2494287,1.422145705790888
37,2021,5,274339,-5.561541506738498,769430,-7.833709458714849,2556754,2.5044030618770012
37,2021,6,281034,2.4404113159266454,791259,2.8370352078811587,2433783,-4.8096531774273155
37,2021,7,307665,9.476077627618011,852004,7.677005885557069,2542530,4.468229090268114
37,2021,8,400129,30.053467245218012,932962,9.502068065408144,2433617,-4.2836466039732075
37,2021,9,318219,-20.470898135351348,829140,-11.128213153376022,2530676,3.9882610944943266
37,2021,10,284336,-10.647698597506748,769795,-7.157416117905299,2573644,1.697886256478506
37,2021,11,294335,3.5166141466434078,819806,6.4966646964451575,2495692,-3.0288571379724623
37,2021,12,306075,3.9886523858868297,951887,16.111250710533955,2596237,4.028742328780956
37,2022,1,334354,9.239238748672712,1081615,13.628508425895092,2749036,5.885402603845489
37,2022,2,333806,-0.16389814388342894,1052660,-2.6770153890247452,2462368,-10.427946378294063
37,2022,3,292197,-12.465024595124113,935746,-11.10653012368666,2675302,8.647529532547532
37,2022,4,297770,1.9072748864635847,878856,-6.079641270173744,2551081,-4.643251490859724
37,2022,5,271067,-8.967659603049333,798758,-9.113893516116406,2581108,1.1770304431729137
37,2022,6,281274,3.765489712875415,806426,0.9599903850728255,2484777,-3.7321568876621978
37,2022,7,353676,25.74073679046055,895593,11.057059172199308,2640542,6.268771805276691
37,2022,8,398866,12.7772311381038,922735,3.0306177024608276,2564086,-2.8954661580842114
37,2022,9,330008,-17.263441857666486,830650,-9.979571599646702,2236527,-12.774883525747576
37,2022,10,276801,-16.12294247412184,781639,-5.900319027267802,2298410,2.7669238958438687
37,2022,11,287344,3.80887352285577,852912,9.11840376439763,2399250,4.38738084153828
37,2022,12,306159,6.547900773985188,986932,15.71322715590823,2370683,-1.1906637490882566
38,2020,1,401271,7.7584725280627325,992474,10.173162335665625,1775185,2.097995809529725
38,2020,2,404259,0.7446339257010848,954088,-3.86770837321683,1767485,-0.4337576083619453
38,2020,3,379077,-6.229174860671006,831119,-12.888643395577768,1744578,-1.2960223141921996
38,2020,4,378695,-0.10077108344742625,784273,-5.6364973006272265,1572478,-9.864849837611159
38,2020,5,356048,-5.980274363273875,735619,-6.203707127492595,1355196,-13.817808579833867
38,2020,6,360528,1.2582573136206354,788984,7.254434700571899,1420199,4.79657555069525
38,2020,7,371522,3.049416411485377,823434,4.366374983523114,1503245,5.847490386910566
38,2020,8,472966,27.304977901712412,933992,13.426455550778812,1433906,-4.612621362452561
38,2020,9,483401,2.2062896698705616,886816,-5.05100686087247,1601433,11.683262361688982
38,2020,10,351687,-27.247357783703386,751071,-15.307008443690687,1467455,-8.366132082953206
38,2020,11,366075,4.091137858379752,822359,9.491512786407677,1659380,13.078765618025765
38,2020,12,393001,7.355323362698901,924092,12.370874520738509,1822565,9.83409466186166
38,2021,1,437427,11.304296935631207,1054684,14.131926258424485,1957129,7.383220900214807
38,2021,2,415886,-4.9244788273243305,984002,-6.701722980532558,1731442,-11.531534201373542
38,2021,3,365227,-12.180982288415576,859153,-12.687880715689603,1767280,2.0698354319694223
38,2021,4,371558,1.7334424891916536,803647,-6.460548935986954,1706345,-3.447953917885112
38,2021,5,352036,-5.254092227862137,750572,-6.604267794193222,1610185,-5.635437147821806
38,2021,6,362029,2.8386301400993084,803122,7.001326987950524,1657646,2.947549505181082
38,2021,7,416514,15.049899317457992,862936,7.447685407696465,1729159,4.314129796108458
38,2021,8,537914,29.146679343311387,955194,10.69117524358701,1635708,-5.404419142484873
38,2021,9,433670,-19.379305985715188,873837,-8.517327370146797,1598937,-2.248017372293832
38,2021,10,369253,-14.85392118431065,798294,-8.64497612254917,1530326,-4.291038358609501
38,2021,11,373424,1.12957782333522,822880,3.0798177112692815,1672617,9.298084199053012
38,2021,12,391114,4.737242383992459,922216,12.071748006999805,1820678,8.852056388282554
38,2022,1,427159,9.215983063761461,1058922,14.823642183609914,1944117,6.779836961835096
38,2022,2,423178,-0.931971467299062,1012818,-4.353861757523217,1773431,-8.779615630129257
38,2022,3,375995,-11.149681694227962,898029,-11.333625587222976,1822393,2.760862982546262
38,2022,4,377952,0.5204856447559143,851381,-5.194487037723726,1715386,-5.87178506502165
38,2022,5,349240,-7.5967318601303875,792825,-6.877766828247283,1614974,-5.853609624889092
38,2022,6,359061,2.8121062879395256,841544,6.144987859868193,1621758,0.42006868222027105
38,2022,7,452182,25.934590501335425,947066,12.539094806688658,1695533,4.549075756062249
38,2022,8,541131,19.671061652166603,1012147,6.871854759858341,1609490,-5.074687428672871
38,2022,9,441996,-18.319963188211357,912380,-9.856967416788272,1567319,-2.620146754562004
38,2022,10,359444,-18.677092100381,806229,-11.634516319954406,1587832,1.3087954653775014
38,2022,11,364330,1.3593216189448147,819144,1.6019021890802738,1679567,5.777374432559616
38,2022,12,391633,7.494030137512694,941248,14.906292422333559,1802069,7.293665569756967
39,2020,1,77692,11.306590257879655,256852,10.070151230110605,156574,14.95635191589025
39,2020,2,78516,1.0605982597950883,243870,-5.05427249933814,169858,8.48416723083015
39,2020,3,72711,-7.393397524071527,217262,-10.910731127239922,161397,-4.981219606965818
39,2020,4,72204,-0.6972810166274704,207487,-4.499176109950199,165569,2.5849303270816684
39,2020,5,66407,-8.028641072516757,200058,-3.580465282162256,142109,-14.169319135828568
39,2020,6,67293,1.334196696131432,215903,7.920203141089084,125017,-12.027387427960228
39,2020,7,72471,7.694708216307788,234044,8.402384404107401,117941,-5.66003023588792
39,2020,8,101525,40.09051896620717,283506,21.13363299208696,126647,7.381656930159995
39,2020,9,100073,-1.43018960847082,257471,-9.183227162740824,124363,-1.8034379022006048
39,2020,10,66005,-34.04314850159383,210047,-18.419161769675032,114717,-7.756326238511455
39,2020,11,67901,2.872509658359215,218533,4.040048179693116,124988,8.953337343201095
39,2020,12,75111,10.61840031811019,239563,9.623260560189994,141585,13.27887477197811
39,2021,1,87794,16.885675866384418,252712,5.48874408819392,177749,25.54225376982025
39,2021,2,82459,-6.076725060938106,241594,-4.399474500617304,179269,0.8551384255326332
39,2021,3,71170,-13.690440097503002,221324,-8.390109025886403,158310,-11.691368836776018
39,2021,4,71797,0.8809891808346213,225178,1.7413384901772966,164847,4.129240098540837
39,2021,5,66604,-7.232892739250945,219098,-2.7000861540647842,145255,-11.88495999320582
39,2021,6,70398,5.696354573298901,234487,7.023797570037152,132559,-8.740490860899797
39,2021,7,86613,23.03332481036393,270374,15.304473169088265,129850,-2.043618313354808
39,2021,8,111501,28.734716497523465,295830,9.415106482132158,136977,5.488640739314594
39,2021,9,97369,-12.674325790800081,266610,-9.877294392049487,131568,-3.948838126108763
39,2021,10,77291,-20.620526040115436,246548,-7.524849030418965,123108,-6.430134987230937
39,2021,11,72193,-6.595852039694143,237600,-3.6293135616593926,128384,4.285667868863112
39,2021,12,76295,5.6819913287991906,252675,6.34469696969697,144320,12.412761714855433
39,2022,1,86998,14.0284422308146,282986,11.996042346888295,183369,27.057233924611975
39,2022,2,87711,0.8195590703234557,278040,-1.747789643303909,195108,6.401845459156127
39,2022,3,76996,-12.216255657785227,245988,-11.527837721191196,179084,-8.212887221436333
39,2022,4,75327,-2.1676450724712972,243817,-0.8825633770753044,175936,-1.7578343123897167
39,2022,5,67546,-10.329629482124604,232275,-4.733878277560629,152356,-13.402600945798474
39,2022,6,69758,3.27480531785746,249960,7.613819825637715,138580,-9.041980624327234
39,2022,7,97702,40.058487915364545,300188,20.094415106417028,133667,-3.5452446240438737
39,2022,8,122779,25.666823606476836,329717,9.836835583034631,144208,7.886015246844772
39,2022,9,100256,-18.344342273515828,288988,-12.352714600703028,133531,-7.403888827249529
39,2022,10,72006,-28.17786466645388,248740,-13.927221891566433,124258,-6.944454845691263
39,2022,11,70147,-2.5817293003360833,241152,-3.050574897483316,129944,4.575962915868597
39,2022,12,78040,11.252084907408728,262398,8.810210987261147,145783,12.189096841716433
